<?xml version='1.0' encoding='utf-8'?>
            <?xml-stylesheet type='text/xsl' href='http://www.freelancer.com/content/rss.xsl' ?>
            <rss version='2.0'>
                <channel>
                <title>The Best Avigabso</title>
                <link>http://social.kapdreamworld.com</link>
                <description>This is the site where you can write whatever you want.</description>
                <image>
                    <url>http://localhost/avigabso/images/TheBestLogo.gif</url>
                    <title>social.kapdreamworld.com</title>
                    <link>http://social.kapdreamworld.com/index.php</link>
                </image><item><title>new default image testing</title><link>http://social.kapdreamworld.com/stuff/stuffdetai.php?stuffid=178</link><description>new default image testing</description><category>new default image testing</category><image>
                            <url>http://localhost/avigabso/stuff/stuffimages/size4/default.jpg</url>
                            <title>new default image testing</title>
                            <link>http://social.kapdreamworld.com/stuff/stuffdetai.php?stuffid=178</link>
                           </image></item><item><title>testing upload image problem</title><link>http://social.kapdreamworld.com/stuff/stuffdetai.php?stuffid=176</link><description>testing upload image problem</description><category>testing upload image problem</category><image>
                            <url>http://localhost/avigabso/stuff/stuffimages/size4/1291901330WATERFAL.JPG</url>
                            <title>testing upload image problem</title>
                            <link>http://social.kapdreamworld.com/stuff/stuffdetai.php?stuffid=176</link>
                           </image></item><item><title>new stuff 27</title><link>http://social.kapdreamworld.com/stuff/stuffdetai.php?stuffid=173</link><description>new stuff 27</description><category>new stuff 27</category><image>
                            <url>http://localhost/avigabso/stuff/stuffimages/size4/default.jpg</url>
                            <title>new stuff 27</title>
                            <link>http://social.kapdreamworld.com/stuff/stuffdetai.php?stuffid=173</link>
                           </image></item><item><title>new stuff 26</title><link>http://social.kapdreamworld.com/stuff/stuffdetai.php?stuffid=172</link><description>new stuff 26</description><category>new stuff 26</category><image>
                            <url>http://localhost/avigabso/stuff/stuffimages/size4/default.jpg</url>
                            <title>new stuff 26</title>
                            <link>http://social.kapdreamworld.com/stuff/stuffdetai.php?stuffid=172</link>
                           </image></item><item><title>new stuff 20</title><link>http://social.kapdreamworld.com/stuff/stuffdetai.php?stuffid=170</link><description>new stuff 20</description><category>new stuff 20</category><image>
                            <url>http://localhost/avigabso/stuff/stuffimages/size4/default.jpg</url>
                            <title>new stuff 20</title>
                            <link>http://social.kapdreamworld.com/stuff/stuffdetai.php?stuffid=170</link>
                           </image></item><item><title>new stuff 17</title><link>http://social.kapdreamworld.com/stuff/stuffdetai.php?stuffid=167</link><description>new stuff 17</description><category>new stuff 17</category><image>
                            <url>http://localhost/avigabso/stuff/stuffimages/size4/129087729719.jpg</url>
                            <title>new stuff 17</title>
                            <link>http://social.kapdreamworld.com/stuff/stuffdetai.php?stuffid=167</link>
                           </image></item><item><title>new stuff 16</title><link>http://social.kapdreamworld.com/stuff/stuffdetai.php?stuffid=166</link><description>new stuff 16</description><category>new stuff 16</category><image>
                            <url>http://localhost/avigabso/stuff/stuffimages/size4/1290877256digital existence.jpg</url>
                            <title>new stuff 16</title>
                            <link>http://social.kapdreamworld.com/stuff/stuffdetai.php?stuffid=166</link>
                           </image></item><item><title>new stuff 15</title><link>http://social.kapdreamworld.com/stuff/stuffdetai.php?stuffid=165</link><description>new stuff 15</description><category>new stuff 15</category><image>
                            <url>http://localhost/avigabso/stuff/stuffimages/size4/1290877094Attack.jpg</url>
                            <title>new stuff 15</title>
                            <link>http://social.kapdreamworld.com/stuff/stuffdetai.php?stuffid=165</link>
                           </image></item><item><title>new stuff 14</title><link>http://social.kapdreamworld.com/stuff/stuffdetai.php?stuffid=164</link><description>new stuff 14</description><category>new stuff 14</category><image>
                            <url>http://localhost/avigabso/stuff/stuffimages/size4/1290877067friendship01.jpg</url>
                            <title>new stuff 14</title>
                            <link>http://social.kapdreamworld.com/stuff/stuffdetai.php?stuffid=164</link>
                           </image></item><item><title>new stuff 13</title><link>http://social.kapdreamworld.com/stuff/stuffdetai.php?stuffid=163</link><description>new stuff 13</description><category>new stuff 13</category><image>
                            <url>http://localhost/avigabso/stuff/stuffimages/size4/129087702125114_wallpaper280.jpg</url>
                            <title>new stuff 13</title>
                            <link>http://social.kapdreamworld.com/stuff/stuffdetai.php?stuffid=163</link>
                           </image></item><item><title>new my stuff</title><link>http://social.kapdreamworld.com/stuff/stuffdetai.php?stuffid=162</link><description>new my stuff</description><category>new stuff 8</category><image>
                            <url>http://localhost/avigabso/stuff/stuffimages/size4/129087329118.jpg</url>
                            <title>new my stuff</title>
                            <link>http://social.kapdreamworld.com/stuff/stuffdetai.php?stuffid=162</link>
                           </image></item><item><title>cars 2</title><link>http://social.kapdreamworld.com/stuff/stuffdetai.php?stuffid=161</link><description>cars 2</description><category>cars 2</category><image>
                            <url>http://localhost/avigabso/stuff/stuffimages/size4/129076184610.jpg</url>
                            <title>cars 2</title>
                            <link>http://social.kapdreamworld.com/stuff/stuffdetai.php?stuffid=161</link>
                           </image></item><item><title>cars 1</title><link>http://social.kapdreamworld.com/stuff/stuffdetai.php?stuffid=160</link><description>cars 1</description><category>cars 1</category><image>
                            <url>http://localhost/avigabso/stuff/stuffimages/size4/12907618209.jpg</url>
                            <title>cars 1</title>
                            <link>http://social.kapdreamworld.com/stuff/stuffdetai.php?stuffid=160</link>
                           </image></item><item><title>new stuff 12</title><link>http://social.kapdreamworld.com/stuff/stuffdetai.php?stuffid=159</link><description>new stuff 12</description><category>new stuff 12</category><image>
                            <url>http://localhost/avigabso/stuff/stuffimages/size4/12907617978.jpg</url>
                            <title>new stuff 12</title>
                            <link>http://social.kapdreamworld.com/stuff/stuffdetai.php?stuffid=159</link>
                           </image></item><item><title>new stuff 11</title><link>http://social.kapdreamworld.com/stuff/stuffdetai.php?stuffid=158</link><description>new stuff 11</description><category>new stuff 11</category><image>
                            <url>http://localhost/avigabso/stuff/stuffimages/size4/12907617727.jpg</url>
                            <title>new stuff 11</title>
                            <link>http://social.kapdreamworld.com/stuff/stuffdetai.php?stuffid=158</link>
                           </image></item><item><title>new stuff 10</title><link>http://social.kapdreamworld.com/stuff/stuffdetai.php?stuffid=157</link><description>new stuff 10</description><category>new stuff 10</category><image>
                            <url>http://localhost/avigabso/stuff/stuffimages/size4/12907615566.jpg</url>
                            <title>new stuff 10</title>
                            <link>http://social.kapdreamworld.com/stuff/stuffdetai.php?stuffid=157</link>
                           </image></item><item><title>new stuff 9</title><link>http://social.kapdreamworld.com/stuff/stuffdetai.php?stuffid=156</link><description>new stuff 9</description><category>new stuff 9</category><image>
                            <url>http://localhost/avigabso/stuff/stuffimages/size4/129076153306.JPG</url>
                            <title>new stuff 9</title>
                            <link>http://social.kapdreamworld.com/stuff/stuffdetai.php?stuffid=156</link>
                           </image></item><item><title>new stuff 8</title><link>http://social.kapdreamworld.com/stuff/stuffdetai.php?stuffid=155</link><description>new stuff 8</description><category>new stuff 8</category><image>
                            <url>http://localhost/avigabso/stuff/stuffimages/size4/129076143106.JPG</url>
                            <title>new stuff 8</title>
                            <link>http://social.kapdreamworld.com/stuff/stuffdetai.php?stuffid=155</link>
                           </image></item><item><title>new stuff 7</title><link>http://social.kapdreamworld.com/stuff/stuffdetai.php?stuffid=154</link><description>new stuff 7</description><category>new stuff 7</category><image>
                            <url>http://localhost/avigabso/stuff/stuffimages/size4/12907613575.jpg</url>
                            <title>new stuff 7</title>
                            <link>http://social.kapdreamworld.com/stuff/stuffdetai.php?stuffid=154</link>
                           </image></item><item><title>new stuff 6</title><link>http://social.kapdreamworld.com/stuff/stuffdetai.php?stuffid=153</link><description>new stuff 6</description><category>new stuff 6</category><image>
                            <url>http://localhost/avigabso/stuff/stuffimages/size4/12907611174.jpg</url>
                            <title>new stuff 6</title>
                            <link>http://social.kapdreamworld.com/stuff/stuffdetai.php?stuffid=153</link>
                           </image></item></channel></rss>